ID,Last Name,First Name, Street Address,City,State,Phone Number
3333333,Wentt,Quai,4624 Marquardt Track,New Porter,Virginia,1-665-061-5630 x14884
3333333,Wentt,Quai,4624 Marquardt Track,New Porter,Virginia,1-665-061-5630 x14884
8474235,Carter,Gracie,5564 Ledner Islands,New Jessycastad,Wisconsin,328.600.2116 x47271
3333333,Wentt,Quai,8608 Zechariah Grove,West Jaylin,West Virginia,(860) 230-4091
3333333,Wentt,Quai,866 Cormier Crossing,Melyssatown,Mississippi,865-831-0352 x0621
3333333,Wentt,Quai,3900 Schuster Heights,Abshireberg,Vermont,(750) 305-0814 x724
3333333,Wentt,Quai,3009 Willard Keys,Connborough,Mississippi,1-129-944-5739
3333333,Wentt,Quai,4043 Macejkovic Forks,Spencerburgh,Arizona,939-273-2007
3333333,Wentt,Quai,407 McLaughlin Pines,South Virginie,Colorado,263.662.1846
3333333,Wentt,Quai,424 Leslie Lake,Port Manuel,Montana,(515) 341-1350 x86646
3333333,Wentt,Quai,6235 Rice Port,East Kadenmouth,Montana,523.003.9949 x990
3333333,Wentt,Quai,4701 Kunde Lock,Reillyview,Oklahoma,562.983.2486
3333333,Wentt,Quai,4527 Blake Causeway,East Bellland,Texas,110-649-4153 x49386
3333333,Wentt,Quai,68344 Vanessa Route,Katelynnchester,Florida,(318) 751-8256
3333333,Wentt,Quai,388 Bruen Plaza,Boydburgh,Kentucky,1-294-561-0592 x8361
3333333,Wentt,Quai,96634 Shanahan Divide,South Estelle,Vermont,1-105-270-7872 x362
3333333,Wentt,Quai,5484 Christop Forks,New Julesfurt,Washington,790.121.4485 x2894
3333333,Wentt,Quai,25455 April Land,Port Icieland,Alaska,964-502-4582
3333333,Wentt,Quai,9798 Estelle Mall,East Mabelhaven,North Carolina,861-969-8861
3333333,Wentt,Quai,454 Lebsack Fords,New Madge,North Dakota,508-968-2250
3333333,Wentt,Quai,9597 Jast Station,Port Anahifort,Arkansas,898-691-0976
3333333,Wentt,Quai,16179 Bayer Knolls,McGlynnberg,Minnesota,133.058.4680
3333333,Wentt,Quai,528 Noble Course,Kovacekborough,Wisconsin,841-244-4141 x1404
3333333,Wentt,Quai,7802 Grant Freeway,Strosinborough,North Dakota,459.098.2757
3333333,Wentt,Quai,907 Dianna Radial,Alverafort,Wyoming,239-050-2362 x416
3333333,Wentt,Quai,8795 Lesch Villages,Turcotteton,Georgia,649.565.9600
3333333,Wentt,Quai,9419 Lynch Crest,New Johnathanview,Tennessee,1-929-599-6880 x5227
3333333,Wentt,Quai,477 Andres Cove,Zenafurt,New York,113-858-7236 x5922
3333333,Wentt,Quai,319 Shirley Expressway,East Michelle,North Carolina,311.145.7286
3333333,Wentt,Quai,9902 Schmitt Garden,South Asia,Tennessee,945-251-6561 x0102
3333333,Wentt,Quai,35046 Volkman Cliff,Schultzhaven,Tennessee,1-214-897-8950 x76821
3333333,Wentt,Quai,2233 Nikolaus Club,East Ottoside,Alaska,307.669.2150
3333333,Wentt,Quai,8971 Carrie Lakes,West Jackytown,New Mexico,934-802-5812
3333333,Wentt,Quai,444 Carli Spring,Mohrmouth,Wyoming,941.202.1485 x8231
3333333,Wentt,Quai,674 Hilll Drive,North Tyriqueshire,Idaho,748-978-4725 x9946
3333333,Wentt,Quai,619 Effertz Haven,Jordaneton,Ohio,(368) 924-4332 x689
3333333,Wentt,Quai,387 Shirley Shoals,Antonetteview,Oklahoma,1-864-768-7046 x52080
3333333,Wentt,Quai,68758 Lorine Walk,Lake Marinatown,Indiana,795.088.3428 x402
3333333,Wentt,Quai,1411 McGlynn Bypass,Morganmouth,Virginia,289-166-7341
3333333,Wentt,Quai,10401 Marks Crest,Port Franzland,Vermont,(481) 342-1761
3333333,Wentt,Quai,9156 Benny Mountain,Swaniawskichester,Mississippi,791-049-3851
3333333,Wentt,Quai,6591 Lubowitz Islands,East Brayan,Arkansas,380-262-8511
3333333,Wentt,Quai,54211 Schimmel Cape,East Katrine,Pennsylvania,355-587-1044
3333333,Wentt,Quai,3325 Keebler Land,West Robert,California,656-633-0621 x668
3333333,Wentt,Quai,72468 Janie Grove,Schummtown,Pennsylvania,(855) 314-6786 x10486
3333333,Wentt,Quai,600 Justyn Estate,Konopelskistad,Montana,437-826-0587 x877
3333333,Wentt,Quai,6710 Vivianne River,Dillanport,Utah,368-995-8446 x495
3333333,Wentt,Quai,40792 Williamson Harbor,New Lucy,Colorado,510-739-7784 x76570
3333333,Wentt,Quai,6231 Ila Field,West Marquise,Utah,628.297.0759
3333333,Wentt,Quai,9504 Bartell Inlet,McGlynnbury,Pennsylvania,830-589-5528 x8651
3333333,Wentt,Quai,30259 Sydnee Cape,North Abelardo,Texas,444-814-9709 x16673
3333333,Wentt,Quai,4931 Isac Ridge,Ronnyland,New Mexico,1-838-222-7919
3333333,Wentt,Quai,74717 Graham Parkway,Creminfort,Oregon,(876) 672-2521 x3072
3333333,Wentt,Quai,469 Stracke Pine,South Mckenna,New Hampshire,200.534.7580 x927
3333333,Wentt,Quai,2022 Eichmann Radial,Veumfort,New Jersey,(501) 514-1444
3333333,Wentt,Quai,6927 Marc Station,Port Devontehaven,California,1-582-823-8148 x41456
3333333,Wentt,Quai,501 Eleanore Valleys,Schillerton,South Carolina,405-642-5463
3333333,Wentt,Quai,29167 Pollich Burg,Port Yessenia,Pennsylvania,1-651-284-8031 x22121
3333333,Wentt,Quai,3551 Mertz Creek,Stokesview,Hawaii,1-572-824-6266
3333333,Wentt,Quai,81882 Johnson Plaza,Wilkinsonport,Maryland,(966) 874-1491 x5274
3333333,Wentt,Quai,19822 Gutmann River,Weberton,Nevada,420.890.0379
3333333,Wentt,Quai,60148 Weber Cliffs,Port Grantton,Florida,317.422.1434
3333333,Wentt,Quai,73354 Kennedy Plains,Lake Janick,South Dakota,1-544-547-4594 x03393
3333333,Wentt,Quai,518 Pouros Loop,Kirafort,Iowa,1-363-500-2694 x83386
3333333,Wentt,Quai,667 Kiel Plaza,Jamelshire,Kansas,168-984-3237 x577
3333333,Wentt,Quai,605 Leuschke Viaduct,New Adrielshire,Pennsylvania,1-693-318-7519
3333333,Wentt,Quai,180 Flatley Neck,Lake Edhaven,New Mexico,656-887-8708 x58173
3333333,Wentt,Quai,52687 DuBuque Plain,East Demetrisbury,Michigan,436-295-7512 x8819
3333333,Wentt,Quai,15791 Casey Divide,Quigleystad,Iowa,724.834.4495 x241
3333333,Wentt,Quai,67737 O'Hara Bypass,Kshlerinport,Illinois,1-746-511-7214 x05275
3333333,Wentt,Quai,4015 Eladio Gateway,Bartonburgh,Utah,424-424-2429
3333333,Wentt,Quai,616 Della Knoll,Kesslertown,Oklahoma,1-557-790-1934
3333333,Wentt,Quai,822 Schaefer Coves,East Kalefort,Indiana,1-665-886-0869 x024
3333333,Wentt,Quai,636 Wuckert Highway,South Kalimouth,Ohio,886-175-4089
3333333,Wentt,Quai,404 Connelly Road,West Emeraldport,South Carolina,1-364-453-6507 x00909
3333333,Wentt,Quai,633 Mayert Union,Lake Ricomouth,Colorado,309-203-2396
3333333,Wentt,Quai,44587 Nico Ford,Lake Nyamouth,Hawaii,389-913-0172 x29746
3333333,Wentt,Quai,8988 Godfrey Pike,Zemlakshire,New York,(909) 686-3659
3333333,Wentt,Quai,9201 Murazik Key,Vernport,Kentucky,836.668.3585
3333333,Wentt,Quai,987 McCullough Throughway,Chynaport,Nebraska,1-889-832-0472 x009
3333333,Wentt,Quai,890 Merlin Knoll,Windlerborough,Texas,(469) 596-9109 x060
3333333,Wentt,Quai,9704 Chaim Mount,Nikitaport,Illinois,316-148-0503 x30236
3333333,Wentt,Quai,92993 Alexa Villages,Port Marianoborough,Michigan,486.169.7668
3333333,Wentt,Quai,9178 Ryan Lodge,Port Ryan,Maine,1-669-057-0561 x0166
